{"cameraMode":{"drawMode":0,"name":"Shaded","section":"Shading Mode"},"sceneLighting":true,"audioPlay":false,"sceneViewState":{"m_AlwaysRefresh":false,"showFog":true,"showSkybox":true,"showFlares":true,"showImageEffects":true,"showParticleSystems":true,"showVisualEffectGraphs":true,"m_FxEnabled":true},"in2DMode":false,"pivot":{"x":0.3753421902656555,"y":-0.27446556091308596,"z":-0.20687326788902284},"rotation":{"x":-0.33321794867515566,"y":0.01075000874698162,"z":-0.0037984235677868129,"w":-0.942777156829834},"size":3.2369725704193117,"orthographic":false}